Workbook

Sheet المدخلات
A1: مشروع حي النرجس السكني (ريال سعودي)
A3: السيناريو (1 = أساسي، 2 = متحفظ) | B3: 1
A4: سعر البيع للمتر المربع · أساسي | B4: 6500
A5: سعر البيع للمتر المربع · متحفظ | B5: 5800
A6: المساحة القابلة للبيع (م²) | B6: 40000
A7: تكلفة البناء للمتر المربع | B7: 3200
A8: تكلفة الأرض | B8: 60000000
A9: ضريبة التصرفات العقارية | B9: 0.05
A10: رسوم إدارة التطوير (من تكلفة البناء) | B10: 0.03
A11: نسبة التمويل إلى التكلفة | B11: 0.5
A12: معدل ربح المرابحة | B12: 0.07
A13: سنة السداد | B13: 5

Sheet التدفقات النقدية
A1: التدفقات النقدية (ريال سعودي)
A3: السنة | C3: 2027 | D3: 2028 | E3: 2029 | F3: 2030 | G3: 2031 | H3: المجموع
A4: الفترة | C4: 1 | D4: =C4+1 -> 2 | E4: =D4+1 -> 3 | F4: =E4+1 -> 4 | G4: =F4+1 -> 5
A6: تكلفة الأرض | C6: =IF(C$4=1,-المدخلات!$B$8,0) -> -60000000 | D6: =IF(D$4=1,-المدخلات!$B$8,0) -> 0 | E6: =IF(E$4=1,-المدخلات!$B$8,0) -> 0 | F6: =IF(F$4=1,-المدخلات!$B$8,0) -> 0 | G6: =IF(G$4=1,-المدخلات!$B$8,0) -> 0 | H6: =SUM(C6:G6) -> -60000000
A7: ضريبة التصرفات العقارية | C7: =C6*المدخلات!$B$9 -> -3000000 | D7: =D6*المدخلات!$B$9 -> 0 | E7: =E6*المدخلات!$B$9 -> 0 | F7: =F6*المدخلات!$B$9 -> 0 | G7: =G6*المدخلات!$B$9 -> 0 | H7: =SUM(C7:G7) -> -3000000
A8: تكاليف البناء | C8: =-المدخلات!$B$6*المدخلات!$B$7*0.3 -> -38400000 | D8: =-المدخلات!$B$6*المدخلات!$B$7*0.45 -> -57600000 | E8: =-المدخلات!$B$6*المدخلات!$B$7*0.25 -> -32000000 | F8: =-المدخلات!$B$6*المدخلات!$B$7*0 -> 0 | G8: =-المدخلات!$B$6*المدخلات!$B$7*0 -> 0 | H8: =SUM(C8:G8) -> -128000000
A9: رسوم إدارة التطوير | C9: =C8*المدخلات!$B$10 -> -1152000 | D9: =D8*المدخلات!$B$10 -> -1728000 | E9: =E8*المدخلات!$B$10 -> -960000 | F9: =F8*المدخلات!$B$10 -> 0 | G9: =G8*المدخلات!$B$10 -> 0 | H9: =SUM(C9:G9) -> -3840000
A10: إجمالي التكاليف | C10: =SUM(C6:C9) -> -102552000 | D10: =SUM(D6:D9) -> -59328000 | E10: =SUM(E6:E9) -> -32960000 | F10: =SUM(F6:F9) -> 0 | G10: =SUM(G6:G9) -> 0 | H10: =SUM(C10:G10) -> -194840000
A11: إيرادات المبيعات | C11: =المدخلات!$B$6*CHOOSE(المدخلات!$B$3,المدخلات!$B$4,المدخلات!$B$5)*0 -> 0 | D11: =المدخلات!$B$6*CHOOSE(المدخلات!$B$3,المدخلات!$B$4,المدخلات!$B$5)*0 -> 0 | E11: =المدخلات!$B$6*CHOOSE(المدخلات!$B$3,المدخلات!$B$4,المدخلات!$B$5)*0.3 -> 78000000 | F11: =المدخلات!$B$6*CHOOSE(المدخلات!$B$3,المدخلات!$B$4,المدخلات!$B$5)*0.4 -> 104000000 | G11: =المدخلات!$B$6*CHOOSE(المدخلات!$B$3,المدخلات!$B$4,المدخلات!$B$5)*0.3 -> 78000000 | H11: =SUM(C11:G11) -> 260000000
A12: صافي التدفق النقدي للمشروع | C12: =C10+C11 -> -102552000 | D12: =D10+D11 -> -59328000 | E12: =E10+E11 -> 45040000 | F12: =F10+F11 -> 104000000 | G12: =G10+G11 -> 78000000 | H12: =SUM(C12:G12) -> 65160000
A13: سحب التمويل | C13: =-C10*المدخلات!$B$11 -> 51276000 | D13: =-D10*المدخلات!$B$11 -> 29664000 | E13: =-E10*المدخلات!$B$11 -> 16480000 | F13: =-F10*المدخلات!$B$11 -> 0 | G13: =-G10*المدخلات!$B$11 -> 0 | H13: =SUM(C13:G13) -> 97420000
A14: ربح المرابحة المرسمل | C14: =0 -> 0 | D14: =C16*المدخلات!$B$12 -> 3589320 | E14: =D16*المدخلات!$B$12 -> 5917052.4 | F14: =E16*المدخلات!$B$12 -> 7484846.1 | G14: =F16*المدخلات!$B$12 -> 8008785.3 | H14: =SUM(C14:G14) -> 25000004
A15: سداد التمويل | C15: =IF(C$4=المدخلات!$B$13,-(C13+C14),0) -> 0 | D15: =IF(D$4=المدخلات!$B$13,-(C16+D13+D14),0) -> 0 | E15: =IF(E$4=المدخلات!$B$13,-(D16+E13+E14),0) -> 0 | F15: =IF(F$4=المدخلات!$B$13,-(E16+F13+F14),0) -> 0 | G15: =IF(G$4=المدخلات!$B$13,-(F16+G13+G14),0) -> -1.2242e+08 | H15: =SUM(C15:G15) -> -1.2242e+08
A16: رصيد التمويل | C16: =C13+C14+C15 -> 51276000 | D16: =C16+D13+D14+D15 -> 84529320 | E16: =D16+E13+E14+E15 -> 1.0692637e+08 | F16: =E16+F13+F14+F15 -> 1.1441122e+08 | G16: =F16+G13+G14+G15 -> 0
A17: رصيد التمويل إلى إجمالي التكلفة | C17: =C16/(-SUM($C$10:$G$10)) -> 0.26316978 | D17: =D16/(-SUM($C$10:$G$10)) -> 0.43383966 | E17: =E16/(-SUM($C$10:$G$10)) -> 0.54879066 | F17: =F16/(-SUM($C$10:$G$10)) -> 0.58720601 | G17: =G16/(-SUM($C$10:$G$10)) -> 0
A18: صافي التدفق النقدي لحقوق الملكية | C18: =C12+C13+C15 -> -51276000 | D18: =D12+D13+D15 -> -29664000 | E18: =E12+E13+E15 -> 61520000 | F18: =F12+F13+F15 -> 104000000 | G18: =G12+G13+G15 -> -44420004 | H18: =SUM(C18:G18) -> 40159996

Sheet العوائد
A1: العوائد
A3: معدل العائد الداخلي بعد التمويل | B3: =IRR('التدفقات النقدية'!C18:G18) -> 0.24492023
A4: معدل العائد الداخلي قبل التمويل | B4: =IRR('التدفقات النقدية'!C12:G12) -> 0.13035694
A5: صافي الربح | B5: ='التدفقات النقدية'!H18 -> 40159996
A6: العائد على التكلفة | B6: ='التدفقات النقدية'!H12/-'التدفقات النقدية'!H10 -> 0.33442825
A7: مضاعف حقوق الملكية | B7: =SUMIF('التدفقات النقدية'!C18:G18,">0")/-SUMIF('التدفقات النقدية'!C18:G18,"<0") -> 1.3203573
