Workbook

Sheet Inputs
A1: GULF INCOME & GROWTH FUND – OPEN-ENDED MUTUAL FUND (USD)
A3: Opening NAV (USD) | B3: 250000000
A4: Units outstanding | B4: 25000000
A5: Gross return a month | B5: 0.0065
A6: Return swing (+/-) every other month | B6: 0.012
A7: Management fee a year | B7: 0.0125
A8: Performance fee over the high-water mark | B8: 0.15
A9: Other expenses a year | B9: 0.0035
A10: Subscriptions a month (USD) | B10: 4500000
A11: Redemptions a month (USD) | B11: 3200000

Sheet NAV
A3: Month | B3: 0 | C3: 1 | D3: 2 | E3: 3 | F3: 4 | G3: 5 | H3: 6 | I3: 7 | J3: 8 | K3: 9 | L3: 10 | M3: 11 | N3: 12 | O3: 13 | P3: 14 | Q3: 15 | R3: 16 | S3: 17 | T3: 18 | U3: 19 | V3: 20 | W3: 21 | X3: 22 | Y3: 23 | Z3: 24
A4: Gross return | B4: =0 -> 0 | C4: =Inputs!$B$5+IF(MOD(C$3,2)=0,Inputs!$B$6,-Inputs!$B$6) -> -0.0055 | D4: =Inputs!$B$5+IF(MOD(D$3,2)=0,Inputs!$B$6,-Inputs!$B$6) -> 0.0185 | E4: =Inputs!$B$5+IF(MOD(E$3,2)=0,Inputs!$B$6,-Inputs!$B$6) -> -0.0055 | F4: =Inputs!$B$5+IF(MOD(F$3,2)=0,Inputs!$B$6,-Inputs!$B$6) -> 0.0185 | G4: =Inputs!$B$5+IF(MOD(G$3,2)=0,Inputs!$B$6,-Inputs!$B$6) -> -0.0055 | H4: =Inputs!$B$5+IF(MOD(H$3,2)=0,Inputs!$B$6,-Inputs!$B$6) -> 0.0185 | I4: =Inputs!$B$5+IF(MOD(I$3,2)=0,Inputs!$B$6,-Inputs!$B$6) -> -0.0055 | J4: =Inputs!$B$5+IF(MOD(J$3,2)=0,Inputs!$B$6,-Inputs!$B$6) -> 0.0185 | ... Z4: =Inputs!$B$5+IF(MOD(Z$3,2)=0,Inputs!$B$6,-Inputs!$B$6) -> 0.0185
A5: NAV before fees | B5: =Inputs!$B$3 -> 250000000 | C5: =B16*(1+C4) -> 248625000 | D5: =C16*(1+D4) -> 2.5421098e+08 | E5: =D16*(1+E4) -> 2.5338624e+08 | F5: =E16*(1+F4) -> 2.5905383e+08 | G5: =F16*(1+G4) -> 2.5818875e+08 | H5: =G16*(1+H4) -> 2.6393867e+08 | I5: =H16*(1+I4) -> 2.6303289e+08 | J5: =I16*(1+J4) -> 2.6886585e+08 | ... Z5: =Y16*(1+Z4) -> 3.0985255e+08
A6: Management fee | B6: =0 -> 0 | C6: =C5*Inputs!$B$7/12 -> 258984.38 | D6: =D5*Inputs!$B$7/12 -> 264803.1 | E6: =E5*Inputs!$B$7/12 -> 263944 | F6: =F5*Inputs!$B$7/12 -> 269847.74 | G6: =G5*Inputs!$B$7/12 -> 268946.61 | H6: =H5*Inputs!$B$7/12 -> 274936.11 | I6: =I5*Inputs!$B$7/12 -> 273992.6 | J6: =J5*Inputs!$B$7/12 -> 280068.6 | ... Z6: =Z5*Inputs!$B$7/12 -> 322763.08
A7: Other expenses | B7: =0 -> 0 | C7: =C5*Inputs!$B$9/12 -> 72515.625 | D7: =D5*Inputs!$B$9/12 -> 74144.869 | E7: =E5*Inputs!$B$9/12 -> 73904.319 | F7: =F5*Inputs!$B$9/12 -> 75557.368 | G7: =G5*Inputs!$B$9/12 -> 75305.051 | H7: =H5*Inputs!$B$9/12 -> 76982.112 | I7: =I5*Inputs!$B$9/12 -> 76717.927 | J7: =J5*Inputs!$B$9/12 -> 78419.207 | ... Z7: =Z5*Inputs!$B$9/12 -> 90373.661
A8: NAV per unit before performance fee | B8: =Inputs!$B$3/Inputs!$B$4 -> 10 | C8: =(C5-C6-C7)/B15 -> 9.93174 | D8: =(D5-D6-D7)/C15 -> 10.10199 | E8: =(E5-E6-E7)/D15 -> 10.01784 | F8: =(F5-F6-F7)/E15 -> 10.189565 | G8: =(G5-G6-G7)/F15 -> 10.104686 | H8: =(H5-H6-H7)/G15 -> 10.2779 | I8: =(I5-I6-I7)/H15 -> 10.192285 | J8: =(J5-J6-J7)/I15 -> 10.367001 | ... Z8: =(Z5-Z6-Z7)/Y15 -> 11.108182
A9: High-water mark | B9: =Inputs!$B$3/Inputs!$B$4 -> 10 | C9: =MAX(B9,C8-C10/B15) -> 10 | D9: =MAX(C9,D8-D10/C15) -> 10.086691 | E9: =MAX(D9,E8-E10/D15) -> 10.086691 | F9: =MAX(E9,F8-F10/E15) -> 10.174134 | G9: =MAX(F9,G8-G10/F15) -> 10.174134 | H9: =MAX(G9,H8-H10/G15) -> 10.262335 | I9: =MAX(H9,I8-I10/H15) -> 10.262335 | J9: =MAX(I9,J8-J10/I15) -> 10.351301 | ... Z9: =MAX(Y9,Z8-Z10/Y15) -> 11.09136
A10: Performance fee | B10: =0 -> 0 | C10: =MAX(0,C8-B9)*Inputs!$B$8*B15 -> 0 | D10: =MAX(0,D8-C9)*Inputs!$B$8*C15 -> 384464.55 | E10: =MAX(0,E8-D9)*Inputs!$B$8*D15 -> 0 | F10: =MAX(0,F8-E9)*Inputs!$B$8*E15 -> 391788.8 | G10: =MAX(0,G8-F9)*Inputs!$B$8*F15 -> 0 | H10: =MAX(0,H8-G9)*Inputs!$B$8*G15 -> 399176.55 | I10: =MAX(0,I8-H9)*Inputs!$B$8*H15 -> 0 | J10: =MAX(0,J8-I9)*Inputs!$B$8*I15 -> 406628.34 | ... Z10: =MAX(0,Z8-Y9)*Inputs!$B$8*Y15 -> 468615.96
A11: NAV after fees | B11: =Inputs!$B$3 -> 250000000 | C11: =C5-C6-C7-C10 -> 248293500 | D11: =D5-D6-D7-D10 -> 2.5348757e+08 | E11: =E5-E6-E7-E10 -> 2.5304839e+08 | F11: =F5-F6-F7-F10 -> 2.5831664e+08 | G11: =G5-G6-G7-G10 -> 2.578445e+08 | H11: =H5-H6-H7-H10 -> 2.6318757e+08 | I11: =I5-I6-I7-I10 -> 2.6268218e+08 | J11: =J5-J6-J7-J10 -> 2.6810074e+08 | ... Z11: =Z5-Z6-Z7-Z10 -> 3.089708e+08
A12: NAV per unit | B12: =Inputs!$B$3/Inputs!$B$4 -> 10 | C12: =C11/B15 -> 9.93174 | D12: =D11/C15 -> 10.086691 | E12: =E11/D15 -> 10.01784 | F12: =F11/E15 -> 10.174134 | G12: =G11/F15 -> 10.104686 | H12: =H11/G15 -> 10.262335 | I12: =I11/H15 -> 10.192285 | J12: =J11/I15 -> 10.351301 | ... Z12: =Z11/Y15 -> 11.09136
A13: Units subscribed | B13: =0 -> 0 | C13: =Inputs!$B$10/C12 -> 453092.81 | D13: =Inputs!$B$10/D12 -> 446132.42 | E13: =Inputs!$B$10/E12 -> 449198.65 | F13: =Inputs!$B$10/F12 -> 442298.07 | G13: =Inputs!$B$10/G12 -> 445337.95 | H13: =Inputs!$B$10/H12 -> 438496.68 | I13: =Inputs!$B$10/I12 -> 441510.43 | J13: =Inputs!$B$10/J12 -> 434727.96 | ... Z13: =Inputs!$B$10/Z12 -> 405721.2
A14: Units redeemed | B14: =0 -> 0 | C14: =MIN(Inputs!$B$11/C12,B15) -> 322199.33 | D14: =MIN(Inputs!$B$11/D12,C15) -> 317249.72 | E14: =MIN(Inputs!$B$11/E12,D15) -> 319430.15 | F14: =MIN(Inputs!$B$11/F12,E15) -> 314523.07 | G14: =MIN(Inputs!$B$11/G12,F15) -> 316684.76 | H14: =MIN(Inputs!$B$11/H12,G15) -> 311819.86 | I14: =MIN(Inputs!$B$11/I12,H15) -> 313962.97 | J14: =MIN(Inputs!$B$11/J12,I15) -> 309139.89 | ... Z14: =MIN(Inputs!$B$11/Z12,Y15) -> 288512.86
A15: Units outstanding | B15: =Inputs!$B$4 -> 25000000 | C15: =B15+C13-C14 -> 25130893 | D15: =C15+D13-D14 -> 25259776 | E15: =D15+E13-E14 -> 25389545 | F15: =E15+F13-F14 -> 25517320 | G15: =F15+G13-G14 -> 25645973 | H15: =G15+H13-H14 -> 25772650 | I15: =H15+I13-I14 -> 25900197 | J15: =I15+J13-J14 -> 26025785 | ... Z15: =Y15+Z13-Z14 -> 27974098
A16: NAV (USD) | B16: =Inputs!$B$3 -> 250000000 | C16: =C15*C12 -> 249593500 | D16: =D15*D12 -> 2.5478757e+08 | E16: =E15*E12 -> 2.5434839e+08 | F16: =F15*F12 -> 2.5961664e+08 | G16: =G15*G12 -> 2.591445e+08 | H16: =H15*H12 -> 2.6448757e+08 | I16: =I15*I12 -> 2.6398218e+08 | J16: =J15*J12 -> 2.6940074e+08 | ... Z16: =Z15*Z12 -> 3.102708e+08

Sheet Returns
A3: Net return a year (NAV per unit) | B3: =(NAV!Z12/NAV!B12)^(12/24)-1 -> 0.053155268
A4: NAV at month 24 (USD) | B4: =NAV!Z16 -> 3.102708e+08
A5: NAV per unit at month 24 (USD) | B5: =NAV!Z12 -> 11.09136
A6: Total expense ratio | B6: =(SUM(NAV!$B$6:$Z$6)+SUM(NAV!$B$7:$Z$7))/AVERAGE(NAV!$B$16:$Z$16)*12/24 -> 0.016026309
A7: Performance fees paid (USD) | B7: =SUM(NAV!$B$10:$Z$10) -> 5111220.4
A8: Net flows (USD) | B8: =(Inputs!$B$10-Inputs!$B$11)*24 -> 31200000
