Workbook

Sheet Inputs
A1: SUMMIT GLOBAL REAL ESTATE FUND OF FUNDS (USD)
A3: Fund of funds management fee on commitments | B3: 0.0075
A4: Fund of funds carry over 8% | B4: 0.05
A5: Fund of funds hurdle | B5: 0.08
A6: Overcommitment | B6: 1.2
A7: Fund of funds size (USD) | B7: 500000000

Sheet Funds
A1: Fund | B1: Share of commitments | C1: Net multiple | D1: Life (years)
A2: Value-add Europe | B2: 0.25 | C2: 1.65 | D2: 7
A3: US industrial | B3: 0.2 | C3: 1.8 | D3: 6
A4: Asia opportunistic | B4: 0.2 | C4: 1.9 | D4: 8
A5: Core plus US | B5: 0.2 | C5: 1.45 | D5: 7
A6: GCC development | B6: 0.15 | C6: 2 | D6: 8

Sheet Curves
A1: Year | B1: Called (share of commitment) | C1: Distributed (share of value)
A2: 1 | B2: 0.25 | C2: 0
A3: 2 | B3: 0.3 | C3: 0.02
A4: 3 | B4: 0.25 | C4: 0.06
A5: 4 | B5: 0.15 | C5: 0.12
A6: 5 | B6: 0.05 | C6: 0.18
A7: 6 | B7: 0 | C7: 0.22
A8: 7 | B8: 0 | C8: 0.2
A9: 8 | B9: 0 | C9: 0.12
A10: 9 | B10: 0 | C10: 0.08
A11: 10 | B11: 0 | C11: 0

Sheet Cash Flow
A3: Year | B3: 0 | C3: 1 | D3: 2 | E3: 3 | F3: 4 | G3: 5 | H3: 6 | I3: 7 | J3: 8 | K3: 9 | L3: 10
A4: Calls from funds | B4: =0 -> 0 | C4: =Inputs!$B$7*Inputs!$B$6*SUMPRODUCT(Funds!$B$2:$B$6)*INDEX(Curves!$B$2:$B$11,C$3) -> 150000000 | D4: =Inputs!$B$7*Inputs!$B$6*SUMPRODUCT(Funds!$B$2:$B$6)*INDEX(Curves!$B$2:$B$11,D$3) -> 180000000 | E4: =Inputs!$B$7*Inputs!$B$6*SUMPRODUCT(Funds!$B$2:$B$6)*INDEX(Curves!$B$2:$B$11,E$3) -> 150000000 | F4: =Inputs!$B$7*Inputs!$B$6*SUMPRODUCT(Funds!$B$2:$B$6)*INDEX(Curves!$B$2:$B$11,F$3) -> 90000000 | G4: =Inputs!$B$7*Inputs!$B$6*SUMPRODUCT(Funds!$B$2:$B$6)*INDEX(Curves!$B$2:$B$11,G$3) -> 30000000 | H4: =Inputs!$B$7*Inputs!$B$6*SUMPRODUCT(Funds!$B$2:$B$6)*INDEX(Curves!$B$2:$B$11,H$3) -> 0 | I4: =Inputs!$B$7*Inputs!$B$6*SUMPRODUCT(Funds!$B$2:$B$6)*INDEX(Curves!$B$2:$B$11,I$3) -> 0 | J4: =Inputs!$B$7*Inputs!$B$6*SUMPRODUCT(Funds!$B$2:$B$6)*INDEX(Curves!$B$2:$B$11,J$3) -> 0 | ... L4: =Inputs!$B$7*Inputs!$B$6*SUMPRODUCT(Funds!$B$2:$B$6)*INDEX(Curves!$B$2:$B$11,L$3) -> 0
A5: Distributions from funds | B5: =0 -> 0 | C5: =Inputs!$B$7*Inputs!$B$6*SUMPRODUCT(Funds!$B$2:$B$6,Funds!$C$2:$C$6)*INDEX(Curves!$C$2:$C$11,C$3)/SUM(Curves!$C$2:$C$11) -> 0 | D5: =Inputs!$B$7*Inputs!$B$6*SUMPRODUCT(Funds!$B$2:$B$6,Funds!$C$2:$C$6)*INDEX(Curves!$C$2:$C$11,D$3)/SUM(Curves!$C$2:$C$11) -> 20910000 | E5: =Inputs!$B$7*Inputs!$B$6*SUMPRODUCT(Funds!$B$2:$B$6,Funds!$C$2:$C$6)*INDEX(Curves!$C$2:$C$11,E$3)/SUM(Curves!$C$2:$C$11) -> 62730000 | F5: =Inputs!$B$7*Inputs!$B$6*SUMPRODUCT(Funds!$B$2:$B$6,Funds!$C$2:$C$6)*INDEX(Curves!$C$2:$C$11,F$3)/SUM(Curves!$C$2:$C$11) -> 125460000 | G5: =Inputs!$B$7*Inputs!$B$6*SUMPRODUCT(Funds!$B$2:$B$6,Funds!$C$2:$C$6)*INDEX(Curves!$C$2:$C$11,G$3)/SUM(Curves!$C$2:$C$11) -> 188190000 | H5: =Inputs!$B$7*Inputs!$B$6*SUMPRODUCT(Funds!$B$2:$B$6,Funds!$C$2:$C$6)*INDEX(Curves!$C$2:$C$11,H$3)/SUM(Curves!$C$2:$C$11) -> 230010000 | I5: =Inputs!$B$7*Inputs!$B$6*SUMPRODUCT(Funds!$B$2:$B$6,Funds!$C$2:$C$6)*INDEX(Curves!$C$2:$C$11,I$3)/SUM(Curves!$C$2:$C$11) -> 209100000 | J5: =Inputs!$B$7*Inputs!$B$6*SUMPRODUCT(Funds!$B$2:$B$6,Funds!$C$2:$C$6)*INDEX(Curves!$C$2:$C$11,J$3)/SUM(Curves!$C$2:$C$11) -> 125460000 | ... L5: =Inputs!$B$7*Inputs!$B$6*SUMPRODUCT(Funds!$B$2:$B$6,Funds!$C$2:$C$6)*INDEX(Curves!$C$2:$C$11,L$3)/SUM(Curves!$C$2:$C$11) -> 0
A6: Fund of funds fee | B6: =0 -> 0 | C6: =Inputs!$B$7*Inputs!$B$3*IF(C$3<=5,1,0.6) -> 3750000 | D6: =Inputs!$B$7*Inputs!$B$3*IF(D$3<=5,1,0.6) -> 3750000 | E6: =Inputs!$B$7*Inputs!$B$3*IF(E$3<=5,1,0.6) -> 3750000 | F6: =Inputs!$B$7*Inputs!$B$3*IF(F$3<=5,1,0.6) -> 3750000 | G6: =Inputs!$B$7*Inputs!$B$3*IF(G$3<=5,1,0.6) -> 3750000 | H6: =Inputs!$B$7*Inputs!$B$3*IF(H$3<=5,1,0.6) -> 2250000 | I6: =Inputs!$B$7*Inputs!$B$3*IF(I$3<=5,1,0.6) -> 2250000 | J6: =Inputs!$B$7*Inputs!$B$3*IF(J$3<=5,1,0.6) -> 2250000 | ... L6: =Inputs!$B$7*Inputs!$B$3*IF(L$3<=5,1,0.6) -> 2250000
A7: Net to investors before carry | B7: =B5-B4-B6 -> 0 | C7: =C5-C4-C6 -> -153750000 | D7: =D5-D4-D6 -> -162840000 | E7: =E5-E4-E6 -> -91020000 | F7: =F5-F4-F6 -> 31710000 | G7: =G5-G4-G6 -> 154440000 | H7: =H5-H4-H6 -> 227760000 | I7: =I5-I4-I6 -> 206850000 | ... L7: =L5-L4-L6 -> -2250000
A8: Carry | B8: =IF(B$3=10,MAX(0,SUM($B7:B7)-SUMIF($B7:B7,"<0")*-((1+Inputs!$B$5)^5-1))*Inputs!$B$4,0) -> 0 | C8: =IF(C$3=10,MAX(0,SUM($B7:C7)-SUMIF($B7:C7,"<0")*-((1+Inputs!$B$5)^5-1))*Inputs!$B$4,0) -> 0 | D8: =IF(D$3=10,MAX(0,SUM($B7:D7)-SUMIF($B7:D7,"<0")*-((1+Inputs!$B$5)^5-1))*Inputs!$B$4,0) -> 0 | E8: =IF(E$3=10,MAX(0,SUM($B7:E7)-SUMIF($B7:E7,"<0")*-((1+Inputs!$B$5)^5-1))*Inputs!$B$4,0) -> 0 | F8: =IF(F$3=10,MAX(0,SUM($B7:F7)-SUMIF($B7:F7,"<0")*-((1+Inputs!$B$5)^5-1))*Inputs!$B$4,0) -> 0 | G8: =IF(G$3=10,MAX(0,SUM($B7:G7)-SUMIF($B7:G7,"<0")*-((1+Inputs!$B$5)^5-1))*Inputs!$B$4,0) -> 0 | H8: =IF(H$3=10,MAX(0,SUM($B7:H7)-SUMIF($B7:H7,"<0")*-((1+Inputs!$B$5)^5-1))*Inputs!$B$4,0) -> 0 | I8: =IF(I$3=10,MAX(0,SUM($B7:I7)-SUMIF($B7:I7,"<0")*-((1+Inputs!$B$5)^5-1))*Inputs!$B$4,0) -> 0 | ... L8: =IF(L$3=10,MAX(0,SUM($B7:L7)-SUMIF($B7:L7,"<0")*-((1+Inputs!$B$5)^5-1))*Inputs!$B$4,0) -> 11157060
A9: Net to investors | B9: =B7-B8 -> 0 | C9: =C7-C8 -> -153750000 | D9: =D7-D8 -> -162840000 | E9: =E7-E8 -> -91020000 | F9: =F7-F8 -> 31710000 | G9: =G7-G8 -> 154440000 | H9: =H7-H8 -> 227760000 | I9: =I7-I8 -> 206850000 | ... L9: =L7-L8 -> -13407060
A10: Net to investors, cumulative | B10: =SUM($B9:B9) -> 0 | C10: =SUM($B9:C9) -> -153750000 | D10: =SUM($B9:D9) -> -316590000 | E10: =SUM($B9:E9) -> -407610000 | F10: =SUM($B9:F9) -> -375900000 | G10: =SUM($B9:G9) -> -221460000 | H10: =SUM($B9:H9) -> 6300000 | I10: =SUM($B9:I9) -> 213150000 | ... L10: =SUM($B9:L9) -> 4.0434294e+08
A11: Gross cash flow from the funds | B11: =B5-B4 -> 0 | C11: =C5-C4 -> -150000000 | D11: =D5-D4 -> -159090000 | E11: =E5-E4 -> -87270000 | F11: =F5-F4 -> 35460000 | G11: =G5-G4 -> 158190000 | H11: =H5-H4 -> 230010000 | I11: =I5-I4 -> 209100000 | ... L11: =L5-L4 -> 0

Sheet Returns
A3: Net IRR to investors | B3: =IRR('Cash Flow'!$B$9:$L$9) -> 0.16146505
A4: Gross IRR from the funds | B4: =IRR('Cash Flow'!B11:L11) -> 0.17647304
A5: Net TVPI | B5: =(SUM('Cash Flow'!$B$5:$L$5)-SUM('Cash Flow'!$B$8:$L$8))/(SUM('Cash Flow'!$B$4:$L$4)+SUM('Cash Flow'!$B$6:$L$6)) -> 1.6418142
A6: Peak net outflow (USD) | B6: =-MIN('Cash Flow'!B10:L10) -> 407610000
A7: Fees and carry paid (USD) | B7: =SUM('Cash Flow'!$B$6:$L$6)+SUM('Cash Flow'!$B$8:$L$8) -> 41157060
