Workbook

Sheet Inputs
A1: EUROPA INFRA & REAL ASSETS ELTIF – SEMI-LIQUID, MONTHLY (EUR)
A3: Opening NAV (EUR) | B3: 800000000
A4: Asset return a month | B4: 0.0055
A5: Liquidity sleeve (share of NAV) | B5: 0.15
A6: Sleeve yield a year | B6: 0.03
A7: Subscriptions a month (EUR) | B7: 9000000
A8: Redemption requests a month (EUR) | B8: 14000000
A9: Redemption cap (share of NAV a quarter) | B9: 0.05
A10: Swing factor on net outflows | B10: 0.004

Sheet Classes
A1: Class | B1: Share of NAV | C1: Management fee | D1: Distribution fee
A2: A (retail) | B2: 0.45 | C2: 0.017 | D2: 0.006
A3: B (private banks) | B3: 0.35 | C3: 0.012 | D3: 0.003
A4: I (institutional) | B4: 0.2 | C4: 0.008 | D4: 0

Sheet NAV
A3: Month | B3: 0 | C3: 1 | D3: 2 | E3: 3 | F3: 4 | G3: 5 | H3: 6 | I3: 7 | J3: 8 | K3: 9 | L3: 10 | M3: 11 | N3: 12 | O3: 13 | P3: 14 | Q3: 15 | R3: 16 | S3: 17 | T3: 18 | U3: 19 | V3: 20 | W3: 21 | X3: 22 | Y3: 23 | Z3: 24
A4: Gross return | B4: =0 -> 0 | C4: =B10*((1-Inputs!$B$5)*Inputs!$B$4+Inputs!$B$5*Inputs!$B$6/12) -> 4040000 | D4: =C10*((1-Inputs!$B$5)*Inputs!$B$4+Inputs!$B$5*Inputs!$B$6/12) -> 4100061.3 | E4: =D10*((1-Inputs!$B$5)*Inputs!$B$4+Inputs!$B$5*Inputs!$B$6/12) -> 4160339.9 | F4: =E10*((1-Inputs!$B$5)*Inputs!$B$4+Inputs!$B$5*Inputs!$B$6/12) -> 4013469.7 | G4: =F10*((1-Inputs!$B$5)*Inputs!$B$4+Inputs!$B$5*Inputs!$B$6/12) -> 4073435.1 | H4: =G10*((1-Inputs!$B$5)*Inputs!$B$4+Inputs!$B$5*Inputs!$B$6/12) -> 4133617.4 | I4: =H10*((1-Inputs!$B$5)*Inputs!$B$4+Inputs!$B$5*Inputs!$B$6/12) -> 3987981.3 | J4: =I10*((1-Inputs!$B$5)*Inputs!$B$4+Inputs!$B$5*Inputs!$B$6/12) -> 4047854.5 | ... Z4: =Y10*((1-Inputs!$B$5)*Inputs!$B$4+Inputs!$B$5*Inputs!$B$6/12) -> 3993933.2
A5: Blended fees | B5: =0 -> 0 | C5: =B10*SUMPRODUCT(Classes!$B$2:$B$4,Classes!$C$2:$C$4+Classes!$D$2:$D$4)/12 -> 1146666.7 | D5: =C10*SUMPRODUCT(Classes!$B$2:$B$4,Classes!$C$2:$C$4+Classes!$D$2:$D$4)/12 -> 1163713.8 | E5: =D10*SUMPRODUCT(Classes!$B$2:$B$4,Classes!$C$2:$C$4+Classes!$D$2:$D$4)/12 -> 1180822.5 | F5: =E10*SUMPRODUCT(Classes!$B$2:$B$4,Classes!$C$2:$C$4+Classes!$D$2:$D$4)/12 -> 1139136.6 | G5: =F10*SUMPRODUCT(Classes!$B$2:$B$4,Classes!$C$2:$C$4+Classes!$D$2:$D$4)/12 -> 1156156.5 | H5: =G10*SUMPRODUCT(Classes!$B$2:$B$4,Classes!$C$2:$C$4+Classes!$D$2:$D$4)/12 -> 1173237.9 | I5: =H10*SUMPRODUCT(Classes!$B$2:$B$4,Classes!$C$2:$C$4+Classes!$D$2:$D$4)/12 -> 1131902.3 | J5: =I10*SUMPRODUCT(Classes!$B$2:$B$4,Classes!$C$2:$C$4+Classes!$D$2:$D$4)/12 -> 1148896 | ... Z5: =Y10*SUMPRODUCT(Classes!$B$2:$B$4,Classes!$C$2:$C$4+Classes!$D$2:$D$4)/12 -> 1133591.6
A6: Requests | B6: =0 -> 0 | C6: =Inputs!$B$8+B8 -> 14000000 | D6: =Inputs!$B$8+C8 -> 28000000 | E6: =Inputs!$B$8+D8 -> 42000000 | F6: =Inputs!$B$8+E8 -> 14808516 | G6: =Inputs!$B$8+F8 -> 28808516 | H6: =Inputs!$B$8+G8 -> 42808516 | I6: =Inputs!$B$8+H8 -> 15881611 | J6: =Inputs!$B$8+I8 -> 29881611 | ... Z6: =Inputs!$B$8+Y8 -> 52866064
A7: Redemptions paid | B7: =0 -> 0 | C7: =IF(MOD(C$3,3)=0,MIN(C6,B10*Inputs!$B$9),0) -> 0 | D7: =IF(MOD(D$3,3)=0,MIN(D6,C10*Inputs!$B$9),0) -> 0 | E7: =IF(MOD(E$3,3)=0,MIN(E6,D10*Inputs!$B$9),0) -> 41191484 | F7: =IF(MOD(F$3,3)=0,MIN(F6,E10*Inputs!$B$9),0) -> 0 | G7: =IF(MOD(G$3,3)=0,MIN(G6,F10*Inputs!$B$9),0) -> 0 | H7: =IF(MOD(H$3,3)=0,MIN(H6,G10*Inputs!$B$9),0) -> 40926905 | I7: =IF(MOD(I$3,3)=0,MIN(I6,H10*Inputs!$B$9),0) -> 0 | J7: =IF(MOD(J$3,3)=0,MIN(J6,I10*Inputs!$B$9),0) -> 0 | ... Z7: =IF(MOD(Z$3,3)=0,MIN(Z6,Y10*Inputs!$B$9),0) -> 39543893
A8: Unmet requests | B8: =0 -> 0 | C8: =C6-C7 -> 14000000 | D8: =D6-D7 -> 28000000 | E8: =E6-E7 -> 808515.96 | F8: =F6-F7 -> 14808516 | G8: =G6-G7 -> 28808516 | H8: =H6-H7 -> 1881611.4 | I8: =I6-I7 -> 15881611 | J8: =J6-J7 -> 29881611 | ... Z8: =Z6-Z7 -> 13322170
A9: Swing adjustment | B9: =0 -> 0 | C9: =IF(C7>Inputs!$B$7,(C7-Inputs!$B$7)*Inputs!$B$10,0) -> 0 | D9: =IF(D7>Inputs!$B$7,(D7-Inputs!$B$7)*Inputs!$B$10,0) -> 0 | E9: =IF(E7>Inputs!$B$7,(E7-Inputs!$B$7)*Inputs!$B$10,0) -> 128765.94 | F9: =IF(F7>Inputs!$B$7,(F7-Inputs!$B$7)*Inputs!$B$10,0) -> 0 | G9: =IF(G7>Inputs!$B$7,(G7-Inputs!$B$7)*Inputs!$B$10,0) -> 0 | H9: =IF(H7>Inputs!$B$7,(H7-Inputs!$B$7)*Inputs!$B$10,0) -> 127707.62 | I9: =IF(I7>Inputs!$B$7,(I7-Inputs!$B$7)*Inputs!$B$10,0) -> 0 | J9: =IF(J7>Inputs!$B$7,(J7-Inputs!$B$7)*Inputs!$B$10,0) -> 0 | ... Z9: =IF(Z7>Inputs!$B$7,(Z7-Inputs!$B$7)*Inputs!$B$10,0) -> 122175.57
A10: NAV | B10: =Inputs!$B$3 -> 800000000 | C10: =B10+C4-C5+Inputs!$B$7-C7+C9 -> 8.1189333e+08 | D10: =C10+D4-D5+Inputs!$B$7-D7+D9 -> 8.2382968e+08 | E10: =D10+E4-E5+Inputs!$B$7-E7+E9 -> 7.9474648e+08 | F10: =E10+F4-F5+Inputs!$B$7-F7+F9 -> 8.0662081e+08 | G10: =F10+G4-G5+Inputs!$B$7-G7+G9 -> 8.1853809e+08 | H10: =G10+H4-H5+Inputs!$B$7-H7+H9 -> 7.8969927e+08 | I10: =H10+I4-I5+Inputs!$B$7-I7+I9 -> 8.0155535e+08 | J10: =I10+J4-J5+Inputs!$B$7-J7+J9 -> 8.1345431e+08 | ... Z10: =Y10+Z4-Z5+Inputs!$B$7-Z7+Z9 -> 7.6331649e+08
A11: Sleeve | B11: =Inputs!$B$3*Inputs!$B$5 -> 120000000 | C11: =C10*Inputs!$B$5 -> 121784000 | D11: =D10*Inputs!$B$5 -> 1.2357445e+08 | E11: =E10*Inputs!$B$5 -> 1.1921197e+08 | F11: =F10*Inputs!$B$5 -> 1.2099312e+08 | G11: =G10*Inputs!$B$5 -> 1.2278071e+08 | H11: =H10*Inputs!$B$5 -> 1.1845489e+08 | I11: =I10*Inputs!$B$5 -> 1.202333e+08 | J11: =J10*Inputs!$B$5 -> 1.2201815e+08 | ... Z11: =Z10*Inputs!$B$5 -> 1.1449747e+08
A12: Class A NAV per unit | B12: =10 -> 10 | C12: =B12*(1+C4/B10-(Classes!$C$2+Classes!$D$2)/12) -> 10.031333 | D12: =C12*(1+D4/C10-(Classes!$C$2+Classes!$D$2)/12) -> 10.062765 | E12: =D12*(1+E4/D10-(Classes!$C$2+Classes!$D$2)/12) -> 10.094295 | F12: =E12*(1+F4/E10-(Classes!$C$2+Classes!$D$2)/12) -> 10.125924 | G12: =F12*(1+G4/F10-(Classes!$C$2+Classes!$D$2)/12) -> 10.157652 | H12: =G12*(1+H4/G10-(Classes!$C$2+Classes!$D$2)/12) -> 10.189479 | I12: =H12*(1+I4/H10-(Classes!$C$2+Classes!$D$2)/12) -> 10.221406 | J12: =I12*(1+J4/I10-(Classes!$C$2+Classes!$D$2)/12) -> 10.253433 | ... Z12: =Y12*(1+Z4/Y10-(Classes!$C$2+Classes!$D$2)/12) -> 10.77973
A13: Class I NAV per unit | B13: =10 -> 10 | C13: =B13*(1+C4/B10-(Classes!$C$4+Classes!$D$4)/12) -> 10.043833 | D13: =C13*(1+D4/C10-(Classes!$C$4+Classes!$D$4)/12) -> 10.087859 | E13: =D13*(1+E4/D10-(Classes!$C$4+Classes!$D$4)/12) -> 10.132077 | F13: =E13*(1+F4/E10-(Classes!$C$4+Classes!$D$4)/12) -> 10.17649 | G13: =F13*(1+G4/F10-(Classes!$C$4+Classes!$D$4)/12) -> 10.221096 | H13: =G13*(1+H4/G10-(Classes!$C$4+Classes!$D$4)/12) -> 10.265899 | I13: =H13*(1+I4/H10-(Classes!$C$4+Classes!$D$4)/12) -> 10.310898 | J13: =I13*(1+J4/I10-(Classes!$C$4+Classes!$D$4)/12) -> 10.356094 | ... Z13: =Y13*(1+Z4/Y10-(Classes!$C$4+Classes!$D$4)/12) -> 11.106774

Sheet Returns
A3: Class A return a year | B3: =(NAV!Z12/10)^(12/24)-1 -> 0.038254789
A4: Class I return a year | B4: =(NAV!Z13/10)^(12/24)-1 -> 0.053886811
A5: Fee drag, class A over class I a year | B5: =B4-B3 -> 0.015632022
A6: NAV at month 24 (EUR) | B6: =NAV!Z10 -> 7.6331649e+08
A7: Unmet redemption requests at the end (EUR) | B7: =NAV!Z8 -> 13322170
A8: Swing income kept by the fund (EUR) | B8: =SUM(NAV!$B$9:$Z$9) -> 1002711.3
A9: Liquidity sleeve at the end (EUR) | B9: =NAV!Z11 -> 1.1449747e+08
